{
  "run_id": "5f3991ee75174f1f9be88b22cdfc71b2",
  "timestamp": "2026-03-08T19:20:59.955802",
  "training_time_seconds": 2888.557711,
  "model_used": "random_forest",
  "best_parameters": {
    "classifier__n_estimators": 200,
    "classifier__min_samples_split": 2,
    "classifier__min_samples_leaf": 1,
    "classifier__max_features": "log2",
    "classifier__max_depth": 30,
    "classifier__class_weight": null
  },
  "dataset_info": {
    "total_samples": 911898,
    "train_samples": 638328,
    "test_samples": 273570,
    "num_features": 91,
    "balancing_method": "none",
    "class_distribution": {
      "benign": 0.45141890869373547,
      "malicious": 0.5485810913062645
    }
  },
  "metrics_summary": {
    "accuracy": 0.9756077055232665,
    "precision": 0.9758507611285664,
    "recall": 0.9756077055232665,
    "f1_score": 0.9756293033697113
  },
  "class_performance": {
    "benign": {
      "precision": 0.9626393993156761,
      "recall": 0.9841613020770071,
      "f1-score": 0.9732813882627097,
      "support": 123495.0
    },
    "malicious": {
      "precision": 0.9867222395698984,
      "recall": 0.9685690488089289,
      "f1-score": 0.9775613758410702,
      "support": 150075.0
    },
    "accuracy": 0.9756077055232665,
    "macro avg": {
      "precision": 0.9746808194427872,
      "recall": 0.9763651754429681,
      "f1-score": 0.97542138205189,
      "support": 273570.0
    },
    "weighted avg": {
      "precision": 0.9758507611285664,
      "recall": 0.9756077055232665,
      "f1-score": 0.9756293033697113,
      "support": 273570.0
    }
  },
  "confusion_matrix": [
    [
      121539,
      1956
    ],
    [
      4717,
      145358
    ]
  ],
  "model_comparison": {
    "random_forest": {
      "cv_score": 0.973955380746002,
      "test_f1": 0.9756293033697113,
      "test_accuracy": 0.9756077055232665
    }
  },
  "feature_selection": {
    "original_feature_count": 91,
    "selected_feature_count": 91,
    "selected_features": [
      "query_length",
      "parameter_count",
      "digit_count_query",
      "digit_ratio_query",
      "equal_count_query",
      "ampersand_count_query",
      "avg_parameter_length",
      "max_parameter_length",
      "min_parameter_length",
      "query_entropy",
      "query_url_ratio",
      "encoded_url_flag",
      "redirect_parameter_flag",
      "script_in_url_flag",
      "auto_download_param_flag",
      "base64_in_url_flag",
      "path_length",
      "path_token_count",
      "slash_count_path",
      "digit_count_path",
      "digit_ratio_path",
      "hyphen_count_path",
      "dot_count_path",
      "longest_path_token",
      "avg_path_token_length",
      "max_path_token_length",
      "min_path_token_length",
      "path_entropy",
      "filename_length",
      "suspicious_extension_flag",
      "executable_extension_flag",
      "suspicious_js_extension_flag",
      "http_token",
      "url_length",
      "dot_count",
      "hyphen_count",
      "underscore_count",
      "slash_count",
      "question_mark_count",
      "equal_count",
      "ampersand_count",
      "at_symbol_count",
      "percent_count",
      "hashtag_count",
      "digit_count",
      "letter_count",
      "special_char_count",
      "digit_ratio",
      "letter_ratio",
      "special_char_ratio",
      "longest_digit_sequence",
      "longest_letter_sequence",
      "longest_special_sequence",
      "character_continuity_rate",
      "letter_digit_letter_pattern",
      "digit_letter_pattern",
      "mixed_token_flag",
      "repeated_character_flag",
      "hex_encoding_flag",
      "obfuscation_pattern_flag",
      "domain_length",
      "domain_token_count",
      "subdomain_count",
      "tld_length",
      "digit_count_domain",
      "digit_ratio_domain",
      "hyphen_count_domain",
      "dot_count_domain",
      "special_char_domain",
      "longest_domain_token",
      "avg_domain_token_length",
      "max_domain_token_length",
      "min_domain_token_length",
      "domain_entropy",
      "ip_address_flag",
      "multiple_subdomain_flag",
      "brand_keyword_flag",
      "port_in_url_flag",
      "https_in_domain",
      "tld_suspicious_flag",
      "shortening_service_flag",
      "double_slash_redirecting",
      "punycode_domain_flag",
      "unicode_domain_flag",
      "homograph_suspicious_flag",
      "idn_spoofing_flag",
      "excessive_subdomain_depth",
      "random_string_domain_flag",
      "free_hosting_domain_flag",
      "dga_domain_flag",
      "non_standard_port_flag"
    ],
    "feature_importance": {
      "longest_special_sequence": 0.17155947533390442,
      "slash_count": 0.08363749381645572,
      "http_token": 0.05270635500503729,
      "special_char_count": 0.03764552943652221,
      "special_char_ratio": 0.03714040084566039,
      "slash_count_path": 0.032673266147408855,
      "path_length": 0.03129327806627621,
      "tld_length": 0.027486298211447362,
      "url_length": 0.020276943324771136,
      "letter_ratio": 0.020246523214110846,
      "filename_length": 0.019764905009287036,
      "min_domain_token_length": 0.01906521306192162,
      "max_path_token_length": 0.01826814493282889,
      "repeated_character_flag": 0.01760597222221881,
      "longest_path_token": 0.016793243342540357,
      "domain_entropy": 0.01618331867437985,
      "dot_count": 0.01592186076367258,
      "path_entropy": 0.01573894226027991,
      "path_token_count": 0.014489696126138606,
      "subdomain_count": 0.01368492658496331,
      "letter_count": 0.013094557574069713,
      "avg_path_token_length": 0.013012045589409976,
      "min_path_token_length": 0.012441445864934378,
      "character_continuity_rate": 0.01235555417685411,
      "domain_length": 0.012217384368869303,
      "dot_count_domain": 0.0114864573921966,
      "avg_domain_token_length": 0.011391299347331796,
      "longest_digit_sequence": 0.011368565616593851,
      "domain_token_count": 0.011145477043696264,
      "max_domain_token_length": 0.010907635485839113,
      "letter_digit_letter_pattern": 0.010596700670317767,
      "longest_domain_token": 0.01048927024343243,
      "digit_count": 0.009925093308244986,
      "digit_count_path": 0.0096020137661787,
      "digit_ratio": 0.009028675663242981,
      "digit_ratio_path": 0.007717811622719499,
      "longest_letter_sequence": 0.00755393052919616,
      "dot_count_path": 0.007193615824259805,
      "hyphen_count_path": 0.007192645724207734,
      "hyphen_count": 0.0069334640690573955,
      "underscore_count": 0.006553341509180425,
      "query_length": 0.006154637104368764,
      "digit_letter_pattern": 0.006121040583116396,
      "digit_ratio_domain": 0.00590570548745683,
      "digit_count_domain": 0.005571760661632937,
      "equal_count": 0.005476769045010112,
      "mixed_token_flag": 0.004856759465512853,
      "query_url_ratio": 0.004486434634883413,
      "max_parameter_length": 0.004483156900137288,
      "obfuscation_pattern_flag": 0.004331274330839572,
      "query_entropy": 0.004093477556255237,
      "parameter_count": 0.004050690795183526,
      "equal_count_query": 0.004015155740049211,
      "avg_parameter_length": 0.0037266181921983576,
      "ampersand_count": 0.00359440018919291,
      "ampersand_count_query": 0.0033380285263522385,
      "digit_ratio_query": 0.003129843329383441,
      "min_parameter_length": 0.0028546119649121163,
      "percent_count": 0.00276744233315867,
      "digit_count_query": 0.0025765582156160286,
      "hyphen_count_domain": 0.002337856939407397,
      "base64_in_url_flag": 0.002311730600918465,
      "brand_keyword_flag": 0.002121813202434605,
      "suspicious_extension_flag": 0.0020613401870444217,
      "auto_download_param_flag": 0.0017972669085846839,
      "question_mark_count": 0.001793678263503517,
      "hex_encoding_flag": 0.001791730966966872,
      "tld_suspicious_flag": 0.0017036618485138115,
      "executable_extension_flag": 0.001392904457104205,
      "shortening_service_flag": 0.001369351078855713,