{
  "status": "success",
  "run_id": "713303d2d4914285b455c1de0a63fe57",
  "best_algorithm": "random_forest",
  "metrics": {
    "accuracy": 0.9588946470017561,
    "precision": 0.9592755517430462,
    "recall": 0.9588946470017561,
    "f1": 0.9588843186942031,
    "confusion_matrix": [
      [
        158996,
        4339
      ],
      [
        9050,
        153339
      ]
    ],
    "classification_report": {
      "benign": {
        "precision": 0.9461456982016829,
        "recall": 0.9734349649493372,
        "f1-score": 0.95959635585625,
        "support": 163335.0
      },
      "malicious": {
        "precision": 0.9724818934791156,
        "recall": 0.9442696241740512,
        "f1-score": 0.9581681335470386,
        "support": 162389.0
      },
      "accuracy": 0.9588946470017561,
      "macro avg": {
        "precision": 0.9593137958403992,
        "recall": 0.9588522945616942,
        "f1-score": 0.9588822447016443,
        "support": 325724.0
      },
      "weighted avg": {
        "precision": 0.9592755517430462,
        "recall": 0.9588946470017561,
        "f1-score": 0.9588843186942031,
        "support": 325724.0
      }
    }
  },
  "training_time": 8558.174736,
  "reports": {
    "random_forest": {
      "run_id": "713303d2d4914285b455c1de0a63fe57",
      "timestamp": "2026-03-12T02:43:20.392403",
      "training_time_seconds": 8558.174736,
      "model_used": "random_forest",
      "best_parameters": {
        "classifier__n_estimators": 300,
        "classifier__min_samples_split": 5,
        "classifier__min_samples_leaf": 1,
        "classifier__max_features": "log2",
        "classifier__max_depth": null,
        "classifier__class_weight": "balanced"
      },
      "dataset_info": {
        "total_samples": 1085746,
        "train_samples": 760022,
        "test_samples": 325724,
        "num_features": 73,
        "balancing_method": "none",
        "class_distribution": {
          "benign": 0.5014533785986778,
          "malicious": 0.4985466214013222
        }
      },
      "class_performance": {
        "benign": {
          "precision": 0.9461456982016829,
          "recall": 0.9734349649493372,
          "f1-score": 0.95959635585625,
          "support": 163335.0
        },
        "malicious": {
          "precision": 0.9724818934791156,
          "recall": 0.9442696241740512,
          "f1-score": 0.9581681335470386,
          "support": 162389.0
        },
        "accuracy": 0.9588946470017561,
        "macro avg": {
          "precision": 0.9593137958403992,
          "recall": 0.9588522945616942,
          "f1-score": 0.9588822447016443,
          "support": 325724.0
        },
        "weighted avg": {
          "precision": 0.9592755517430462,
          "recall": 0.9588946470017561,
          "f1-score": 0.9588843186942031,
          "support": 325724.0
        }
      },
      "confusion_matrix": [
        [
          158996,
          4339
        ],
        [
          9050,
          153339
        ]
      ],
      "model_comparison": {
        "random_forest": {
          "cv_score": 0.9577743929117526,
          "test_f1": 0.9588843186942031,
          "test_accuracy": 0.9588946470017561
        }
      },
      "feature_selection": {
        "original_feature_count": 73,
        "selected_feature_count": 73,
        "selected_features": [
          "mixed_token_flag",
          "hex_encoding_flag",
          "obfuscation_pattern_flag",
          "low_entropy",
          "high_entropy",
          "long_url_length",
          "high_digit_ratio",
          "low_special_char_ratio",
          "path_length",
          "path_token_count",
          "digit_ratio_path",
          "dot_count_path",
          "longest_path_token",
          "avg_path_token_length",
          "path_entropy",
          "filename_length",
          "suspicious_extension_flag",
          "executable_extension_flag",
          "suspicious_js_extension_flag",
          "domain_length",
          "domain_token_count",
          "subdomain_count",
          "digit_ratio_domain",
          "hyphen_count_domain",
          "longest_domain_token",
          "avg_domain_token_length",
          "domain_entropy",
          "ip_address_flag",
          "multiple_subdomain_flag",
          "brand_keyword_flag",
          "port_in_url_flag",
          "https_in_domain",
          "tld_suspicious_flag",
          "shortening_service_flag",
          "double_slash_redirecting",
          "punycode_domain_flag",
          "unicode_domain_flag",
          "homograph_suspicious_flag",
          "excessive_subdomain_depth",
          "random_string_domain_flag",
          "free_hosting_domain_flag",
          "dga_domain_flag",
          "non_standard_port_flag",
          "high_domain_entropy",
          "http_token",
          "url_length",
          "dot_count",
          "hyphen_count",
          "slash_count",
          "at_symbol_count",
          "percent_count",
          "special_char_count",
          "digit_ratio",
          "letter_ratio",
          "special_char_ratio",
          "longest_digit_sequence",
          "longest_letter_sequence",
          "longest_special_sequence",
          "character_continuity_rate",
          "url_entropy",
          "query_length",
          "parameter_count",
          "digit_ratio_query",
          "equal_count_query",
          "ampersand_count_query",
          "avg_parameter_length",
          "max_parameter_length",
          "query_entropy",
          "encoded_url_flag",
          "redirect_parameter_flag",
          "script_in_url_flag",
          "auto_download_param_flag",
          "base64_in_url_flag"
        ],
        "feature_importance": {
          "http_token": 0.10536554280196973,
          "longest_special_sequence": 0.08163352745955238,
          "slash_count": 0.060478764686686365,
          "path_length": 0.04691129615076852,
          "filename_length": 0.044721922767178235,
          "longest_path_token": 0.03819118994300073,
          "special_char_count": 0.0338200046428343,
          "special_char_ratio": 0.03345290278324084,
          "dot_count": 0.03155016113748933,
          "path_entropy": 0.024151447497573385,
          "domain_entropy": 0.023116843358517384,
          "digit_ratio_domain": 0.02258401227258344,
          "url_entropy": 0.022422555536860962,
          "url_length": 0.02208124051479162,
          "letter_ratio": 0.021944813227411333,
          "avg_path_token_length": 0.021513744689761076,
          "dot_count_path": 0.021222119720279774,
          "character_continuity_rate": 0.0199330636435094,
          "longest_digit_sequence": 0.019343889833821442,
          "longest_domain_token": 0.019291029624403048,
          "digit_ratio": 0.018516218279333786,
          "domain_length": 0.01795453148974733,
          "hyphen_count": 0.017865692930011348,
          "path_token_count": 0.016892330723599473,
          "avg_domain_token_length": 0.015614109727337762,
          "digit_ratio_path": 0.014506811068832585,
          "longest_letter_sequence": 0.014078351796636256,
          "obfuscation_pattern_flag": 0.013286314766453911,
          "query_length": 0.012936278526734938,
          "mixed_token_flag": 0.011989473563468498,
          "domain_token_count": 0.011725768290796518,
          "equal_count_query": 0.011080711393834696,
          "query_entropy": 0.009971987325166846,
          "subdomain_count": 0.009487507167106992,
          "max_parameter_length": 0.008581804755182262,
          "parameter_count": 0.007928156780787125,
          "ampersand_count_query": 0.0075708655175928405,
          "hyphen_count_domain": 0.0074395345050038576,
          "avg_parameter_length": 0.006545237784627826,
          "multiple_subdomain_flag": 0.005548875918906121,
          "digit_ratio_query": 0.004579051152971875,
          "suspicious_extension_flag": 0.004206090885573131,
          "high_digit_ratio": 0.004111411801038242,