{
  "status": "success",
  "run_id": "bc485de798de4f7f9c31e932052b212f",
  "best_algorithm": "svm",
  "metrics": {
    "accuracy": 0.875164249487296,
    "precision": 0.8780517899931889,
    "recall": 0.875164249487296,
    "f1": 0.8749068808344183,
    "confusion_matrix": [
      [
        150158,
        13177
      ],
      [
        27485,
        134904
      ]
    ],
    "classification_report": {
      "benign": {
        "precision": 0.8452795775797527,
        "recall": 0.9193253130070101,
        "f1-score": 0.8807489046214125,
        "support": 163335.0
      },
      "malicious": {
        "precision": 0.911014917511362,
        "recall": 0.8307459249087069,
        "f1-score": 0.8690308242342255,
        "support": 162389.0
      },
      "accuracy": 0.875164249487296,
      "macro avg": {
        "precision": 0.8781472475455574,
        "recall": 0.8750356189578585,
        "f1-score": 0.874889864427819,
        "support": 325724.0
      },
      "weighted avg": {
        "precision": 0.8780517899931889,
        "recall": 0.875164249487296,
        "f1-score": 0.8749068808344183,
        "support": 325724.0
      }
    }
  },
  "training_time": 5198.681156,
  "reports": {
    "svm": {
      "run_id": "bc485de798de4f7f9c31e932052b212f",
      "timestamp": "2026-03-12T01:45:59.303085",
      "training_time_seconds": 5198.681156,
      "model_used": "svm",
      "best_parameters": {
        "classifier__alpha": 1.707072883030666e-06,
        "classifier__learning_rate": "adaptive",
        "classifier__penalty": "elasticnet"
      },
      "dataset_info": {
        "total_samples": 1085746,
        "train_samples": 760022,
        "test_samples": 325724,
        "num_features": 73,
        "balancing_method": "none",
        "class_distribution": {
          "benign": 0.5014533785986778,
          "malicious": 0.4985466214013222
        }
      },
      "class_performance": {
        "benign": {
          "precision": 0.8452795775797527,
          "recall": 0.9193253130070101,
          "f1-score": 0.8807489046214125,
          "support": 163335.0
        },
        "malicious": {
          "precision": 0.911014917511362,
          "recall": 0.8307459249087069,
          "f1-score": 0.8690308242342255,
          "support": 162389.0
        },
        "accuracy": 0.875164249487296,
        "macro avg": {
          "precision": 0.8781472475455574,
          "recall": 0.8750356189578585,
          "f1-score": 0.874889864427819,
          "support": 325724.0
        },
        "weighted avg": {
          "precision": 0.8780517899931889,
          "recall": 0.875164249487296,
          "f1-score": 0.8749068808344183,
          "support": 325724.0
        }
      },
      "confusion_matrix": [
        [
          150158,
          13177
        ],
        [
          27485,
          134904
        ]
      ],
      "model_comparison": {
        "svm": {
          "cv_score": 0.8756101654416838,
          "test_f1": 0.8749068808344183,
          "test_accuracy": 0.875164249487296
        }
      },
      "feature_selection": {
        "original_feature_count": 73,
        "selected_feature_count": 73,
        "selected_features": [
          "mixed_token_flag",
          "hex_encoding_flag",
          "obfuscation_pattern_flag",
          "query_length",
          "parameter_count",
          "digit_ratio_query",
          "equal_count_query",
          "ampersand_count_query",
          "avg_parameter_length",
          "max_parameter_length",
          "query_entropy",
          "encoded_url_flag",
          "redirect_parameter_flag",
          "script_in_url_flag",
          "auto_download_param_flag",
          "base64_in_url_flag",
          "http_token",
          "url_length",
          "dot_count",
          "hyphen_count",
          "slash_count",
          "at_symbol_count",
          "percent_count",
          "special_char_count",
          "digit_ratio",
          "letter_ratio",
          "special_char_ratio",
          "longest_digit_sequence",
          "longest_letter_sequence",
          "longest_special_sequence",
          "character_continuity_rate",
          "url_entropy",
          "domain_length",
          "domain_token_count",
          "subdomain_count",
          "digit_ratio_domain",
          "hyphen_count_domain",
          "longest_domain_token",
          "avg_domain_token_length",
          "domain_entropy",
          "ip_address_flag",
          "multiple_subdomain_flag",
          "brand_keyword_flag",
          "port_in_url_flag",
          "https_in_domain",
          "tld_suspicious_flag",
          "shortening_service_flag",
          "double_slash_redirecting",
          "punycode_domain_flag",
          "unicode_domain_flag",
          "homograph_suspicious_flag",
          "excessive_subdomain_depth",
          "random_string_domain_flag",
          "free_hosting_domain_flag",
          "dga_domain_flag",
          "non_standard_port_flag",
          "high_domain_entropy",
          "path_length",
          "path_token_count",
          "digit_ratio_path",
          "dot_count_path",
          "longest_path_token",
          "avg_path_token_length",
          "path_entropy",
          "filename_length",
          "suspicious_extension_flag",
          "executable_extension_flag",
          "suspicious_js_extension_flag",
          "low_entropy",
          "high_entropy",
          "long_url_length",
          "high_digit_ratio",
          "low_special_char_ratio"
        ],
        "feature_importance": {
          "url_length": 2.5343893096620818,
          "excessive_subdomain_depth": 2.4038068652592943,
          "subdomain_count": 1.6929378044130967,
          "longest_domain_token": 1.5540773731384974,
          "special_char_count": 1.52966532342454,
          "domain_token_count": 1.5164623117130662,
          "http_token": 1.2550943686625646,
          "digit_ratio_domain": 1.2144141940991278,
          "avg_domain_token_length": 1.1573244992926723,
          "longest_special_sequence": 1.1569197549046388,
          "port_in_url_flag": 1.0139836160892841,
          "longest_digit_sequence": 0.9734802139056238,
          "filename_length": 0.8776424014327363,
          "suspicious_extension_flag": 0.7726015712758302,
          "avg_parameter_length": 0.7218222393660797,
          "dot_count_path": 0.655986168317027,
          "hyphen_count_domain": 0.5661695524088777,
          "hyphen_count": 0.5369076145427479,
          "high_digit_ratio": 0.5258803341053114,
          "mixed_token_flag": 0.4844757284524208,
          "redirect_parameter_flag": 0.4429693899521177,
          "ip_address_flag": 0.4118315258250077,
          "longest_path_token": 0.40301991806759796,
          "tld_suspicious_flag": 0.3977272192111132,
          "max_parameter_length": 0.3631370030487772,
          "equal_count_query": 0.3525679305633189,
          "character_continuity_rate": 0.3414504683891399,
          "digit_ratio_path": 0.3341329601884269,
          "query_length": 0.3312179012021586,
          "domain_length": 0.3280968135934896,
          "executable_extension_flag": 0.32582007410187847,
          "digit_ratio": 0.2871304728843106,
          "longest_letter_sequence": 0.27895920422301285,
          "auto_download_param_flag": 0.26747983777732454,
          "obfuscation_pattern_flag": 0.22852031088875904,
          "low_special_char_ratio": 0.22686793784302656,
          "suspicious_js_extension_flag": 0.215972551393657,
          "base64_in_url_flag": 0.20866458372862173,
          "encoded_url_flag": 0.20463778196206214,
          "path_entropy": 0.19700399347656936,
          "path_token_count": 0.1641262470398839,
          "parameter_count": 0.15898402152750643,
          "non_standard_port_flag": 0.14834547508030926,
          "at_symbol_count": 0.14058810429446078,
          "ampersand_count_query": 0.1380282952764116,
          "slash_count": 0.13139272813857572,