{
  "run_id": "5f37c4cab71041c5ae13f2f229c1c0cc",
  "timestamp": "2026-03-08T20:26:06.010700",
  "training_time_seconds": 1557.819376,
  "model_used": "xgboost",
  "best_parameters": {
    "classifier__subsample": 1.0,
    "classifier__n_estimators": 300,
    "classifier__min_child_weight": 1,
    "classifier__max_depth": 10,
    "classifier__learning_rate": 0.2,
    "classifier__gamma": 0.2,
    "classifier__colsample_bytree": 1.0
  },
  "dataset_info": {
    "total_samples": 911898,
    "train_samples": 638328,
    "test_samples": 273570,
    "num_features": 91,
    "balancing_method": "none",
    "class_distribution": {
      "benign": 0.45141890869373547,
      "malicious": 0.5485810913062645
    }
  },
  "metrics_summary": {
    "accuracy": 0.9778630697810432,
    "precision": 0.9780296154872371,
    "recall": 0.9778630697810432,
    "f1_score": 0.9778794304679176
  },
  "class_performance": {
    "benign": {
      "precision": 0.9669505610293357,
      "recall": 0.9846147617312442,
      "f1-score": 0.9757027194017156,
      "support": 123495.0
    },
    "malicious": {
      "precision": 0.9871464426088663,
      "recall": 0.9723071797434616,
      "f1-score": 0.9796706210934091,
      "support": 150075.0
    },
    "accuracy": 0.9778630697810432,
    "macro avg": {
      "precision": 0.9770485018191011,
      "recall": 0.9784609707373528,
      "f1-score": 0.9776866702475624,
      "support": 273570.0
    },
    "weighted avg": {
      "precision": 0.9780296154872371,
      "recall": 0.9778630697810432,
      "f1-score": 0.9778794304679176,
      "support": 273570.0
    }
  },
  "confusion_matrix": [
    [
      121595,
      1900
    ],
    [
      4156,
      145919
    ]
  ],
  "model_comparison": {
    "xgboost": {
      "cv_score": 0.976596076118768,
      "test_f1": 0.9778794304679176,
      "test_accuracy": 0.9778630697810432
    }
  },
  "feature_selection": {
    "original_feature_count": 91,
    "selected_feature_count": 91,
    "selected_features": [
      "domain_length",
      "domain_token_count",
      "subdomain_count",
      "tld_length",
      "digit_count_domain",
      "digit_ratio_domain",
      "hyphen_count_domain",
      "dot_count_domain",
      "special_char_domain",
      "longest_domain_token",
      "avg_domain_token_length",
      "max_domain_token_length",
      "min_domain_token_length",
      "domain_entropy",
      "ip_address_flag",
      "multiple_subdomain_flag",
      "brand_keyword_flag",
      "port_in_url_flag",
      "https_in_domain",
      "tld_suspicious_flag",
      "shortening_service_flag",
      "double_slash_redirecting",
      "punycode_domain_flag",
      "unicode_domain_flag",
      "homograph_suspicious_flag",
      "idn_spoofing_flag",
      "excessive_subdomain_depth",
      "random_string_domain_flag",
      "free_hosting_domain_flag",
      "dga_domain_flag",
      "non_standard_port_flag",
      "letter_digit_letter_pattern",
      "digit_letter_pattern",
      "mixed_token_flag",
      "repeated_character_flag",
      "hex_encoding_flag",
      "obfuscation_pattern_flag",
      "http_token",
      "url_length",
      "dot_count",
      "hyphen_count",
      "underscore_count",
      "slash_count",
      "question_mark_count",
      "equal_count",
      "ampersand_count",
      "at_symbol_count",
      "percent_count",
      "hashtag_count",
      "digit_count",
      "letter_count",
      "special_char_count",
      "digit_ratio",
      "letter_ratio",
      "special_char_ratio",
      "longest_digit_sequence",
      "longest_letter_sequence",
      "longest_special_sequence",
      "character_continuity_rate",
      "path_length",
      "path_token_count",
      "slash_count_path",
      "digit_count_path",
      "digit_ratio_path",
      "hyphen_count_path",
      "dot_count_path",
      "longest_path_token",
      "avg_path_token_length",
      "max_path_token_length",
      "min_path_token_length",
      "path_entropy",
      "filename_length",
      "suspicious_extension_flag",
      "executable_extension_flag",
      "suspicious_js_extension_flag",
      "query_length",
      "parameter_count",
      "digit_count_query",
      "digit_ratio_query",
      "equal_count_query",
      "ampersand_count_query",
      "avg_parameter_length",
      "max_parameter_length",
      "min_parameter_length",
      "query_entropy",
      "query_url_ratio",
      "encoded_url_flag",
      "redirect_parameter_flag",
      "script_in_url_flag",
      "auto_download_param_flag",
      "base64_in_url_flag"
    ],
    "feature_importance": {
      "longest_special_sequence": 0.5264189839363098,
      "http_token": 0.049956224858760834,
      "slash_count": 0.0348111130297184,
      "tld_length": 0.027828004211187363,
      "percent_count": 0.02479851432144642,
      "letter_digit_letter_pattern": 0.021795328706502914,
      "suspicious_extension_flag": 0.02174360305070877,
      "tld_suspicious_flag": 0.018091315403580666,
      "domain_token_count": 0.014659282751381397,
      "digit_count_domain": 0.014592984691262245,
      "dot_count": 0.01382400095462799,
      "obfuscation_pattern_flag": 0.011988461017608643,
      "path_length": 0.011457337066531181,
      "special_char_domain": 0.01032612007111311,
      "at_symbol_count": 0.007737351581454277,
      "mixed_token_flag": 0.007527538575232029,
      "hyphen_count_path": 0.007417846005409956,
      "equal_count_query": 0.007247745059430599,
      "dot_count_path": 0.007019981741905212,
      "longest_digit_sequence": 0.006406575907021761,
      "path_token_count": 0.0063417102210223675,
      "repeated_character_flag": 0.006184697151184082,
      "brand_keyword_flag": 0.005230167880654335,
      "filename_length": 0.004864937625825405,
      "domain_length": 0.004770275671035051,
      "double_slash_redirecting": 0.004719029180705547,
      "hyphen_count_domain": 0.004634414333850145,
      "url_length": 0.004616067744791508,
      "slash_count_path": 0.00448745209723711,
      "question_mark_count": 0.004227154888212681,
      "hex_encoding_flag": 0.0038887092377990484,
      "suspicious_js_extension_flag": 0.003886246820911765,
      "digit_letter_pattern": 0.003574939211830497,
      "executable_extension_flag": 0.0034923844505101442,
      "digit_count": 0.00344654219225049,
      "underscore_count": 0.003368824953213334,
      "digit_ratio_path": 0.003231653943657875,
      "min_domain_token_length": 0.003146821865811944,
      "min_parameter_length": 0.0028967089019715786,
      "digit_count_path": 0.002885472262278199,
      "parameter_count": 0.002801693044602871,
      "longest_domain_token": 0.0027857173699885607,
      "digit_count_query": 0.002783304313197732,
      "digit_ratio_domain": 0.0027606929652392864,
      "encoded_url_flag": 0.0026525817811489105,
      "min_path_token_length": 0.0026427123229950666,
      "max_parameter_length": 0.0026366685051470995,
      "query_length": 0.002497146837413311,
      "special_char_ratio": 0.002459221752360463,
      "avg_domain_token_length": 0.002443158533424139,
      "avg_parameter_length": 0.0024047396145761013,
      "equal_count": 0.0023279457818716764,
      "auto_download_param_flag": 0.0022597345523536205,
      "special_char_count": 0.002195538952946663,
      "longest_path_token": 0.0021508645731955767,
      "ampersand_count": 0.0021495705004781485,
      "digit_ratio_query": 0.002055298537015915,
      "script_in_url_flag": 0.0019347695633769035,
      "shortening_service_flag": 0.0017951281042769551,
      "avg_path_token_length": 0.0017536020604893565,
      "hashtag_count": 0.0016762608429417014,
      "hyphen_count": 0.001647337106987834,
      "https_in_domain": 0.0016459980979561806,
      "query_entropy": 0.0016377476276829839,
      "redirect_parameter_flag": 0.0014954194193705916,
      "digit_ratio": 0.0014889914309605956,
      "letter_count": 0.0013473082799464464,
      "query_url_ratio": 0.001333843101747334,